"series","timestamp","value","label"
"Set","2016-06-22T16:35:00Z",1055,"1"
"Rise","2016-06-22T16:35:00Z",1055,"1"
"Rise","2016-06-27T06:55:00Z",475,"1"
"Set","2016-06-27T07:50:00Z",530,"1"
"Rise","2016-06-28T07:05:00Z",485,"1"
"Set","2016-06-28T19:25:00Z",1225,"1"
"Rise","2016-06-29T02:25:00Z",205,"1"
"Set","2016-06-29T19:20:00Z",1220,"1"
"Rise","2016-06-30T02:45:00Z",225,"1"
"Set","2016-06-30T19:00:00Z",1200,"1"
"Rise","2016-07-01T02:25:00Z",205,"1"
"Set","2016-07-01T19:25:00Z",1225,"1"
"Rise","2016-07-02T02:15:00Z",195,"1"
"Set","2016-07-02T18:45:00Z",1185,"1"
"Rise","2016-07-03T02:35:00Z",215,"1"
"Set","2016-07-03T19:15:00Z",1215,"1"
"Rise","2016-07-04T02:25:00Z",205,"1"
"Set","2016-07-04T19:15:00Z",1215,"1"
"Rise","2016-07-05T02:25:00Z",205,"1"
"Set","2016-07-05T19:25:00Z",1225,"1"
"Rise","2016-07-06T02:25:00Z",205,"1"
"Set","2016-07-06T19:15:00Z",1215,"1"
"Rise","2016-07-07T02:25:00Z",205,"1"
"Set","2016-07-07T19:20:00Z",1220,"1"
"Rise","2016-07-08T02:45:00Z",225,"1"
"Set","2016-07-08T19:05:00Z",1205,"1"
"Rise","2016-07-09T02:40:00Z",220,"1"
"Set","2016-07-09T19:10:00Z",1210,"1"
"Rise","2016-07-10T02:50:00Z",230,"1"
"Set","2016-07-10T19:25:00Z",1225,"1"
"Rise","2016-07-11T02:40:00Z",220,"1"
"Set","2016-07-11T19:10:00Z",1210,"1"
"Rise","2016-07-12T03:10:00Z",250,"1"
"Set","2016-07-12T19:05:00Z",1205,"1"
"Rise","2016-07-13T02:55:00Z",235,"1"
"Set","2016-07-13T19:00:00Z",1200,"1"
"Rise","2016-07-14T03:20:00Z",260,"1"
"Set","2016-07-14T19:05:00Z",1205,"1"
"Rise","2016-07-15T02:45:00Z",225,"1"
"Set","2016-07-15T19:10:00Z",1210,"1"
"Rise","2016-07-16T02:55:00Z",235,"1"
"Set","2016-07-16T19:00:00Z",1200,"1"
"Rise","2016-07-17T03:00:00Z",240,"1"
"Set","2016-07-17T18:55:00Z",1195,"1"
"Rise","2016-07-18T02:45:00Z",225,"1"
"Set","2016-07-18T19:10:00Z",1210,"1"
"Rise","2016-07-19T02:55:00Z",235,"1"
"Set","2016-07-19T19:00:00Z",1200,"1"
"Rise","2016-07-20T02:50:00Z",230,"1"
"Set","2016-07-20T19:10:00Z",1210,"1"
"Rise","2016-07-21T02:55:00Z",235,"1"
"Set","2016-07-21T19:00:00Z",1200,"1"
"Rise","2016-07-22T02:55:00Z",235,"1"
"Set","2016-07-22T18:55:00Z",1195,"1"
"Rise","2016-07-23T03:00:00Z",240,"1"
"Set","2016-07-23T19:10:00Z",1210,"1"
"Rise","2016-07-24T03:20:00Z",260,"1"
"Set","2016-07-24T19:00:00Z",1200,"1"
"Rise","2016-07-25T03:05:00Z",245,"1"
"Set","2016-07-25T18:55:00Z",1195,"1"
"Rise","2016-07-26T02:55:00Z",235,"1"
"Set","2016-07-26T18:50:00Z",1190,"1"
"Rise","2016-07-27T02:55:00Z",235,"1"
"Set","2016-07-27T18:35:00Z",1175,"1"
"Rise","2016-07-28T03:00:00Z",240,"1"
"Set","2016-07-28T18:55:00Z",1195,"1"
"Rise","2016-07-29T03:05:00Z",245,"2"
"Set","2016-07-29T18:50:00Z",1190,"2"
"Rise","2016-07-30T03:10:00Z",250,"3"
"Set","2016-07-30T18:40:00Z",1180,"3"
"Rise","2016-07-31T03:25:00Z",265,"3"
"Set","2016-07-31T18:30:00Z",1170,"3"
"Rise","2016-08-01T03:10:00Z",250,"3"
"Set","2016-08-01T18:40:00Z",1180,"3"
"Rise","2016-08-02T03:30:00Z",270,"4"
"Set","2016-08-02T18:30:00Z",1170,"4"
"Rise","2016-08-03T03:30:00Z",270,"5"
"Set","2016-08-03T18:20:00Z",1160,"5"
"Rise","2016-08-04T03:35:00Z",275,"5"
"Set","2016-08-04T18:20:00Z",1160,"5"
"Rise","2016-08-05T03:35:00Z",275,"5"
"Set","2016-08-05T18:20:00Z",1160,"5"
"Rise","2016-08-06T03:35:00Z",275,"5"
"Set","2016-08-06T18:15:00Z",1155,"5"
"Rise","2016-08-07T03:35:00Z",275,"5"
"Set","2016-08-07T18:10:00Z",1150,"5"
"Rise","2016-08-08T03:50:00Z",290,"5"
"Set","2016-08-08T18:15:00Z",1155,"5"
"Rise","2016-08-09T03:40:00Z",280,"5"
"Set","2016-08-09T18:10:00Z",1150,"5"
"Rise","2016-08-10T03:45:00Z",285,"5"
"Set","2016-08-10T18:10:00Z",1150,"5"
"Rise","2016-08-11T03:45:00Z",285,"5"
"Set","2016-08-11T18:10:00Z",1150,"5"
"Rise","2016-08-12T03:50:00Z",290,"5"
"Set","2016-08-12T18:00:00Z",1140,"5"
"Rise","2016-08-13T03:50:00Z",290,"5"
"Set","2016-08-13T18:10:00Z",1150,"5"
"Rise","2016-08-14T03:45:00Z",285,"5"
"Set","2016-08-14T18:00:00Z",1140,"5"
"Rise","2016-08-15T03:55:00Z",295,"5"
"Set","2016-08-15T18:05:00Z",1145,"5"
"Rise","2016-08-16T03:50:00Z",290,"5"
"Set","2016-08-16T18:00:00Z",1140,"5"
"Rise","2016-08-17T03:50:00Z",290,"5"
"Set","2016-08-17T18:00:00Z",1140,"5"
"Rise","2016-08-18T03:50:00Z",290,"5"
"Set","2016-08-18T17:55:00Z",1135,"5"
"Rise","2016-08-19T03:55:00Z",295,"5"
"Set","2016-08-19T18:00:00Z",1140,"5"
"Rise","2016-08-20T03:50:00Z",290,"5"
"Set","2016-08-20T17:55:00Z",1135,"5"
"Rise","2016-08-21T03:55:00Z",295,"5"
"Set","2016-08-21T17:50:00Z",1130,"5"
"Rise","2016-08-22T03:55:00Z",295,"5"
"Set","2016-08-22T17:55:00Z",1135,"5"
"Rise","2016-08-23T04:00:00Z",300,"5-5"
"Set","2016-08-23T17:55:00Z",1135,"6"
"Rise","2016-08-24T04:20:00Z",320,"6-66666666666667"
"Set","2016-08-24T18:05:00Z",1145,"7-33333333333333"
"Rise","2016-08-25T04:30:00Z",330,"8"
"Set","2016-08-25T17:45:00Z",1125,"8"
"Rise","2016-08-26T04:45:00Z",345,"8-5"
"Set","2016-08-26T18:00:00Z",1140,"9"
"Rise","2016-08-27T05:05:00Z",365,"10"
"Set","2016-08-27T18:05:00Z",1145,"10"
"Rise","2016-08-28T05:10:00Z",370,"10"
"Set","2016-08-28T18:05:00Z",1145,"10"
"Rise","2016-08-29T05:05:00Z",365,"10"
"Set","2016-08-29T18:10:00Z",1150,"10"
"Rise","2016-08-30T05:20:00Z",380,"11"
"Set","2016-08-30T18:05:00Z",1145,"11"
"Rise","2016-08-31T05:40:00Z",400,"12"
"Set","2016-08-31T18:20:00Z",1160,"12"
"Rise","2016-09-01T05:35:00Z",395,"13"
"Set","2016-09-01T17:50:00Z",1130,"13"
"Rise","2016-09-02T05:35:00Z",395,"13"
"Set","2016-09-02T18:20:00Z",1160,"13"
"Rise","2016-09-03T05:45:00Z",405,"13"
"Set","2016-09-03T18:15:00Z",1155,"13"
"Rise","2016-09-04T05:35:00Z",395,"13"
"Set","2016-09-04T18:15:00Z",1155,"13"
"Rise","2016-09-05T05:35:00Z",395,"13"
"Set","2016-09-05T18:10:00Z",1150,"13"
"Rise","2016-09-06T05:40:00Z",400,"13"
"Set","2016-09-06T18:15:00Z",1155,"13"
"Rise","2016-09-07T05:35:00Z",395,"13"
"Set","2016-09-07T18:20:00Z",1160,"13"
"Rise","2016-09-08T05:45:00Z",405,"13"
"Set","2016-09-08T18:15:00Z",1155,"13"
"Rise","2016-09-09T05:40:00Z",400,"13"
"Set","2016-09-09T18:15:00Z",1155,"13"
"Rise","2016-09-10T05:40:00Z",400,"13"
"Set","2016-09-10T18:15:00Z",1155,"13"
"Rise","2016-09-11T05:35:00Z",395,"13"
"Set","2016-09-11T18:10:00Z",1150,"13"
"Rise","2016-09-12T05:35:00Z",395,"13"
"Set","2016-09-12T18:20:00Z",1160,"13"
"Rise","2016-09-13T05:40:00Z",400,"13"
"Set","2016-09-13T18:20:00Z",1160,"13"
"Rise","2016-09-14T05:40:00Z",400,"13"
"Set","2016-09-14T18:05:00Z",1145,"13"
"Rise","2016-09-15T05:35:00Z",395,"13"
"Set","2016-09-15T18:05:00Z",1145,"13"
"Rise","2016-09-16T05:40:00Z",400,"13"
"Set","2016-09-16T18:10:00Z",1150,"13"
"Rise","2016-09-17T05:45:00Z",405,"13"
"Set","2016-09-17T18:15:00Z",1155,"13"
"Rise","2016-09-18T05:30:00Z",390,"13"
"Set","2016-09-18T18:10:00Z",1150,"13"
"Rise","2016-09-19T05:35:00Z",395,"13"
"Set","2016-09-19T18:10:00Z",1150,"13"
"Rise","2016-09-20T05:40:00Z",400,"13"
"Set","2016-09-20T18:10:00Z",1150,"13"
"Rise","2016-09-21T05:35:00Z",395,"13"
"Set","2016-09-21T17:50:00Z",1130,"13"
"Rise","2016-09-22T05:25:00Z",385,"13"
"Set","2016-09-22T18:10:00Z",1150,"13"
"Rise","2016-09-23T05:35:00Z",395,"13"
"Set","2016-09-23T18:05:00Z",1145,"13"
"Rise","2016-09-24T05:35:00Z",395,"13"
"Set","2016-09-24T18:05:00Z",1145,"13"
"Rise","2016-09-25T05:35:00Z",395,"13"
"Set","2016-09-25T18:00:00Z",1140,"13"
"Rise","2016-09-26T05:35:00Z",395,"13"
"Set","2016-09-26T18:10:00Z",1150,"13"
"Rise","2016-09-27T05:35:00Z",395,"13"
"Set","2016-09-27T17:55:00Z",1135,"13"
"Rise","2016-09-28T05:35:00Z",395,"13"
"Set","2016-09-28T18:05:00Z",1145,"13"
"Rise","2016-09-29T05:50:00Z",410,"13"
"Set","2016-09-29T18:05:00Z",1145,"13"
"Rise","2016-09-30T05:35:00Z",395,"13"
"Set","2016-09-30T18:00:00Z",1140,"13"
"Rise","2016-10-01T05:35:00Z",395,"13"
"Set","2016-10-01T17:55:00Z",1135,"13"
"Rise","2016-10-02T05:40:00Z",400,"13"
"Set","2016-10-02T18:00:00Z",1140,"13"
"Rise","2016-10-03T05:35:00Z",395,"13"
"Set","2016-10-03T18:05:00Z",1145,"13"
"Rise","2016-10-04T05:35:00Z",395,"13"
"Set","2016-10-04T17:55:00Z",1135,"13"
"Rise","2016-10-05T05:30:00Z",390,"13"
"Set","2016-10-05T17:45:00Z",1125,"13"
"Rise","2016-10-06T05:35:00Z",395,"13"
"Set","2016-10-06T17:55:00Z",1135,"13"
"Rise","2016-10-07T05:30:00Z",390,"13"
"Set","2016-10-07T18:00:00Z",1140,"13"
"Rise","2016-10-08T05:40:00Z",400,"13"
"Set","2016-10-08T18:00:00Z",1140,"13"
"Rise","2016-10-09T05:40:00Z",400,"13"
"Set","2016-10-09T17:55:00Z",1135,"13"
"Rise","2016-10-10T05:35:00Z",395,"13"
"Set","2016-10-10T17:55:00Z",1135,"13"
"Rise","2016-10-11T05:45:00Z",405,"13"
"Set","2016-10-11T17:50:00Z",1130,"13"
"Rise","2016-10-12T05:40:00Z",400,"13"
"Set","2016-10-12T17:50:00Z",1130,"13"
"Rise","2016-10-13T05:35:00Z",395,"13"
"Set","2016-10-13T17:45:00Z",1125,"13"
"Rise","2016-10-14T05:35:00Z",395,"13"
"Set","2016-10-14T17:50:00Z",1130,"13"
"Rise","2016-10-15T05:30:00Z",390,"13"
"Set","2016-10-15T17:50:00Z",1130,"13"
"Rise","2016-10-16T05:35:00Z",395,"13"
"Set","2016-10-16T17:50:00Z",1130,"13"
"Rise","2016-10-17T05:35:00Z",395,"13"
"Set","2016-10-17T15:30:00Z",990,"13"
"Rise","2016-10-18T05:30:00Z",390,"13"
"Set","2016-10-18T17:50:00Z",1130,"13"
"Rise","2016-10-19T05:35:00Z",395,"13"
"Set","2016-10-19T17:55:00Z",1135,"13"
"Rise","2016-10-20T05:35:00Z",395,"13"
"Set","2016-10-20T17:55:00Z",1135,"13"
"Rise","2016-10-21T05:30:00Z",390,"13"
"Set","2016-10-21T17:35:00Z",1115,"13"
"Rise","2016-10-22T05:40:00Z",400,"13"
"Set","2016-10-22T17:55:00Z",1135,"13"
"Rise","2016-10-23T05:35:00Z",395,"13"
"Set","2016-10-23T17:45:00Z",1125,"13"
"Rise","2016-10-24T05:35:00Z",395,"13"
"Set","2016-10-24T17:50:00Z",1130,"13"
"Rise","2016-10-25T05:30:00Z",390,"13"
"Set","2016-10-25T17:50:00Z",1130,"13"
"Rise","2016-10-26T05:35:00Z",395,"13"
"Set","2016-10-26T17:50:00Z",1130,"13"
"Rise","2016-10-27T05:35:00Z",395,"13"
"Set","2016-10-27T17:55:00Z",1135,"13"
"Rise","2016-10-28T05:30:00Z",390,"13"
"Set","2016-10-28T17:50:00Z",1130,"13"
"Rise","2016-10-29T05:35:00Z",395,"13"
"Set","2016-10-29T17:50:00Z",1130,"13"
"Rise","2016-10-30T05:35:00Z",395,"13"
"Set","2016-10-30T17:50:00Z",1130,"13"
"Rise","2016-10-31T05:35:00Z",395,"13"
"Set","2016-10-31T17:50:00Z",1130,"13"
"Rise","2016-11-01T05:35:00Z",395,"13"
"Set","2016-11-01T17:40:00Z",1120,"13"
"Rise","2016-11-02T05:35:00Z",395,"13"
"Set","2016-11-02T17:45:00Z",1125,"13"
"Rise","2016-11-03T05:35:00Z",395,"13"
"Set","2016-11-03T17:45:00Z",1125,"13"
"Rise","2016-11-04T05:35:00Z",395,"13"
"Set","2016-11-04T17:50:00Z",1130,"13"
"Rise","2016-11-05T05:35:00Z",395,"13"
"Set","2016-11-05T17:50:00Z",1130,"13"
"Rise","2016-11-06T05:40:00Z",400,"13"
"Set","2016-11-06T17:45:00Z",1125,"13"
"Rise","2016-11-07T05:40:00Z",400,"13"
"Set","2016-11-07T17:50:00Z",1130,"13"
"Rise","2016-11-08T05:35:00Z",395,"13"
"Set","2016-11-08T17:50:00Z",1130,"13"
"Rise","2016-11-09T05:35:00Z",395,"13"
"Set","2016-11-09T17:50:00Z",1130,"13"
"Rise","2016-11-10T05:40:00Z",400,"13"
"Set","2016-11-10T17:45:00Z",1125,"13"
"Rise","2016-11-11T05:35:00Z",395,"13"
"Set","2016-11-11T17:45:00Z",1125,"13"
"Rise","2016-11-12T05:40:00Z",400,"13"
"Set","2016-11-12T17:45:00Z",1125,"13"
"Rise","2016-11-13T05:35:00Z",395,"13"
"Set","2016-11-13T17:50:00Z",1130,"13"
"Rise","2016-11-14T05:35:00Z",395,"13"
"Set","2016-11-14T17:45:00Z",1125,"13"
"Rise","2016-11-15T05:45:00Z",405,"13"
"Set","2016-11-15T17:45:00Z",1125,"13"
"Rise","2016-11-16T05:45:00Z",405,"13"
"Set","2016-11-16T17:50:00Z",1130,"13"
"Rise","2016-11-17T05:45:00Z",405,"13"
"Set","2016-11-17T17:50:00Z",1130,"13"
"Rise","2016-11-18T05:45:00Z",405,"13"
"Set","2016-11-18T17:50:00Z",1130,"13"
"Rise","2016-11-19T05:40:00Z",400,"13"
"Set","2016-11-19T17:45:00Z",1125,"13"
"Rise","2016-11-20T05:45:00Z",405,"13"
"Set","2016-11-20T17:45:00Z",1125,"13"
"Rise","2016-11-21T05:45:00Z",405,"13"
"Set","2016-11-21T17:45:00Z",1125,"13"
"Rise","2016-11-22T05:40:00Z",400,"13"
"Set","2016-11-22T17:50:00Z",1130,"13"
"Rise","2016-11-23T05:45:00Z",405,"13"
"Set","2016-11-23T17:35:00Z",1115,"13"
"Rise","2016-11-24T05:45:00Z",405,"13"
"Set","2016-11-24T17:50:00Z",1130,"13"
"Rise","2016-11-25T05:50:00Z",410,"13"
"Set","2016-11-25T17:45:00Z",1125,"13"
"Rise","2016-11-26T05:45:00Z",405,"13"
"Set","2016-11-26T17:50:00Z",1130,"13"
"Rise","2016-11-27T06:00:00Z",420,"13"
"Set","2016-11-27T17:45:00Z",1125,"13"
"Rise","2016-11-28T05:45:00Z",405,"13"
"Set","2016-11-28T17:50:00Z",1130,"13"
"Rise","2016-11-29T05:45:00Z",405,"13"
"Set","2016-11-29T17:55:00Z",1135,"13"
"Rise","2016-11-30T05:45:00Z",405,"13"
"Set","2016-11-30T17:50:00Z",1130,"13"
"Rise","2016-12-01T05:50:00Z",410,"13"
"Set","2016-12-01T17:50:00Z",1130,"13"
"Rise","2016-12-02T05:45:00Z",405,"13"
"Set","2016-12-02T17:45:00Z",1125,"13"
"Rise","2016-12-03T05:45:00Z",405,"13"
"Set","2016-12-03T17:45:00Z",1125,"13"
"Rise","2016-12-04T05:50:00Z",410,"13"
"Set","2016-12-04T17:50:00Z",1130,"13"
"Rise","2016-12-05T05:50:00Z",410,"13"
"Set","2016-12-05T17:55:00Z",1135,"13"
"Rise","2016-12-06T06:00:00Z",420,"13"
"Set","2016-12-06T17:50:00Z",1130,"13"
"Rise","2016-12-07T06:00:00Z",420,"14"
"Set","2016-12-07T18:10:00Z",1150,"14"
"Rise","2016-12-08T06:00:00Z",420,"15"
"Set","2016-12-08T18:10:00Z",1150,"15"
"Rise","2016-12-09T06:00:00Z",420,"15"
"Set","2016-12-09T18:05:00Z",1145,"15"
"Rise","2016-12-10T06:05:00Z",425,"15"
"Set","2016-12-10T18:10:00Z",1150,"15"
"Rise","2016-12-11T06:00:00Z",420,"15"
"Set","2016-12-11T18:10:00Z",1150,"15"
"Rise","2016-12-12T06:10:00Z",430,"15"
"Set","2016-12-12T18:10:00Z",1150,"15"
"Rise","2016-12-13T06:05:00Z",425,"15"
"Set","2016-12-13T18:15:00Z",1155,"15"
"Rise","2016-12-14T06:05:00Z",425,"15"
"Set","2016-12-14T18:15:00Z",1155,"15"
"Rise","2016-12-15T06:10:00Z",430,"15"
"Set","2016-12-15T18:15:00Z",1155,"15"
"Rise","2016-12-16T06:05:00Z",425,"15"
"Set","2016-12-16T18:10:00Z",1150,"15"
"Rise","2016-12-17T06:05:00Z",425,"15"
"Set","2016-12-17T18:10:00Z",1150,"15"
"Rise","2016-12-18T06:10:00Z",430,"15"
"Set","2016-12-18T18:10:00Z",1150,"15"
"Rise","2016-12-19T06:05:00Z",425,"15"
"Set","2016-12-19T18:10:00Z",1150,"15"
"Rise","2016-12-20T06:10:00Z",430,"15"
"Set","2016-12-20T18:20:00Z",1160,"15"
"Rise","2016-12-21T06:10:00Z",430,"15"
"Set","2016-12-21T18:15:00Z",1155,"15"
"Rise","2016-12-22T06:10:00Z",430,"15"
"Set","2016-12-22T18:15:00Z",1155,"15"
"Rise","2016-12-23T06:10:00Z",430,"15"
"Set","2016-12-23T18:20:00Z",1160,"15"
"Rise","2016-12-24T06:10:00Z",430,"15"
"Set","2016-12-24T18:20:00Z",1160,"15"
"Rise","2016-12-25T06:10:00Z",430,"15"
"Set","2016-12-25T18:10:00Z",1150,"15"
"Rise","2016-12-26T06:05:00Z",425,"15"
"Set","2016-12-26T18:20:00Z",1160,"15"
"Rise","2016-12-27T06:15:00Z",435,"15"
"Set","2016-12-27T18:15:00Z",1155,"15"
"Rise","2016-12-28T06:15:00Z",435,"15"
"Set","2016-12-28T18:20:00Z",1160,"15"
"Rise","2016-12-29T06:15:00Z",435,"15"
"Set","2016-12-29T18:20:00Z",1160,"15"
"Rise","2016-12-30T06:10:00Z",430,"15"
"Set","2016-12-30T18:25:00Z",1165,"15"
"Rise","2016-12-31T06:15:00Z",435,"15"
"Set","2016-12-31T18:20:00Z",1160,"15"
"Rise","2017-01-01T06:15:00Z",435,"15"
"Set","2017-01-01T18:20:00Z",1160,"15"
"Rise","2017-01-02T06:20:00Z",440,"15"
"Set","2017-01-02T18:20:00Z",1160,"15"
"Rise","2017-01-03T06:10:00Z",430,"15"
"Set","2017-01-03T18:25:00Z",1165,"15"
"Rise","2017-01-04T06:15:00Z",435,"15"
"Set","2017-01-04T18:20:00Z",1160,"15"
"Rise","2017-01-05T06:15:00Z",435,"15"
"Set","2017-01-05T18:25:00Z",1165,"15"
"Rise","2017-01-06T06:10:00Z",430,"15"
"Set","2017-01-06T18:25:00Z",1165,"15"
"Rise","2017-01-07T06:15:00Z",435,"15"
"Set","2017-01-07T18:25:00Z",1165,"15"
"Rise","2017-01-08T06:15:00Z",435,"15"
"Set","2017-01-08T18:25:00Z",1165,"15"
"Rise","2017-01-09T06:25:00Z",445,"15"
"Set","2017-01-09T18:25:00Z",1165,"15"
"Rise","2017-01-10T06:20:00Z",440,"15"
"Set","2017-01-10T18:25:00Z",1165,"15"
"Rise","2017-01-11T06:20:00Z",440,"15"
"Set","2017-01-11T18:15:00Z",1155,"15"
"Rise","2017-01-12T06:15:00Z",435,"15"
"Set","2017-01-12T18:25:00Z",1165,"15"
"Rise","2017-01-13T06:15:00Z",435,"15"
"Set","2017-01-13T18:25:00Z",1165,"15"
"Rise","2017-01-14T06:20:00Z",440,"15"
"Set","2017-01-14T18:30:00Z",1170,"15"
"Rise","2017-01-15T06:25:00Z",445,"15"
"Set","2017-01-15T18:25:00Z",1165,"15"
"Rise","2017-01-16T06:20:00Z",440,"15"
"Set","2017-01-16T18:25:00Z",1165,"15"
"Rise","2017-01-17T06:20:00Z",440,"15"
"Set","2017-01-17T18:30:00Z",1170,"15"
"Rise","2017-01-18T06:20:00Z",440,"15"
"Set","2017-01-18T18:30:00Z",1170,"15"
"Rise","2017-01-19T06:20:00Z",440,"15"
"Set","2017-01-19T18:30:00Z",1170,"15"
"Rise","2017-01-20T06:20:00Z",440,"15"
"Set","2017-01-20T18:35:00Z",1175,"15"
"Rise","2017-01-21T06:20:00Z",440,"15"
"Set","2017-01-21T18:25:00Z",1165,"15"
"Rise","2017-01-22T06:25:00Z",445,"15"
"Set","2017-01-22T18:25:00Z",1165,"15"
"Rise","2017-01-23T06:20:00Z",440,"15"
"Set","2017-01-23T18:30:00Z",1170,"15"
"Rise","2017-01-24T06:20:00Z",440,"15"
"Set","2017-01-24T18:35:00Z",1175,"15"
"Rise","2017-01-25T06:20:00Z",440,"15"
"Set","2017-01-25T18:30:00Z",1170,"15"
"Rise","2017-01-26T06:20:00Z",440,"15"
"Set","2017-01-26T18:35:00Z",1175,"15"
"Rise","2017-01-27T06:20:00Z",440,"15"
"Set","2017-01-27T18:35:00Z",1175,"15"
"Rise","2017-01-28T06:20:00Z",440,"15"
"Set","2017-01-28T18:30:00Z",1170,"15"
"Rise","2017-01-29T06:20:00Z",440,"15"
"Set","2017-01-29T18:35:00Z",1175,"15"
"Rise","2017-01-30T06:30:00Z",450,"15"
"Set","2017-01-30T18:30:00Z",1170,"15"
"Rise","2017-01-31T06:15:00Z",435,"15"
"Set","2017-01-31T18:30:00Z",1170,"15"
"Rise","2017-02-01T06:20:00Z",440,"15"
"Set","2017-02-01T18:30:00Z",1170,"15"
"Rise","2017-02-02T06:15:00Z",435,"15"
"Set","2017-02-02T18:35:00Z",1175,"15"
"Rise","2017-02-03T06:20:00Z",440,"15"
"Set","2017-02-03T18:30:00Z",1170,"15"
"Rise","2017-02-04T06:20:00Z",440,"15"
"Set","2017-02-04T18:35:00Z",1175,"15"
"Rise","2017-02-05T06:20:00Z",440,"15"
"Set","2017-02-05T18:35:00Z",1175,"15"
"Rise","2017-02-06T06:20:00Z",440,"15"
"Set","2017-02-06T18:30:00Z",1170,"15"
"Rise","2017-02-07T06:15:00Z",435,"15"
"Set","2017-02-07T18:30:00Z",1170,"15"
"Rise","2017-02-08T06:20:00Z",440,"15"
"Set","2017-02-08T18:35:00Z",1175,"15"
"Rise","2017-02-09T06:20:00Z",440,"15"
"Set","2017-02-09T18:35:00Z",1175,"15"
"Rise","2017-02-10T06:20:00Z",440,"15"
"Set","2017-02-10T18:35:00Z",1175,"15"
"Rise","2017-02-11T06:20:00Z",440,"15"
"Set","2017-02-11T18:35:00Z",1175,"15"
"Rise","2017-02-12T06:20:00Z",440,"15"
"Set","2017-02-12T18:30:00Z",1170,"15"
"Rise","2017-02-13T06:20:00Z",440,"15"
"Set","2017-02-13T18:35:00Z",1175,"15"
"Rise","2017-02-14T06:20:00Z",440,"15"
"Set","2017-02-14T18:40:00Z",1180,"15"
"Rise","2017-02-15T06:20:00Z",440,"15"
"Set","2017-02-15T18:40:00Z",1180,"15"
"Rise","2017-02-16T06:25:00Z",445,"15"
"Set","2017-02-16T18:40:00Z",1180,"15"
"Rise","2017-02-17T06:15:00Z",435,"15"
"Set","2017-02-17T18:35:00Z",1175,"15"
"Rise","2017-02-18T06:15:00Z",435,"15"
"Set","2017-02-18T18:40:00Z",1180,"15"
"Rise","2017-02-19T06:15:00Z",435,"15"
"Set","2017-02-19T18:40:00Z",1180,"15"
"Rise","2017-02-20T06:15:00Z",435,"15"
"Set","2017-02-20T18:40:00Z",1180,"15"
"Rise","2017-02-21T06:20:00Z",440,"15"
"Set","2017-02-21T18:40:00Z",1180,"15"
"Rise","2017-02-22T06:20:00Z",440,"15"
"Set","2017-02-22T18:35:00Z",1175,"15"
"Rise","2017-02-23T06:15:00Z",435,"15"
"Set","2017-02-23T18:40:00Z",1180,"15"
"Rise","2017-02-24T06:10:00Z",430,"15"
"Set","2017-02-24T18:40:00Z",1180,"15"
"Rise","2017-02-25T06:20:00Z",440,"15"
"Set","2017-02-25T18:35:00Z",1175,"15"
"Rise","2017-02-26T06:10:00Z",430,"15"
"Set","2017-02-26T18:40:00Z",1180,"15"
"Rise","2017-02-27T06:15:00Z",435,"15"
"Set","2017-02-27T18:40:00Z",1180,"15"
"Rise","2017-02-28T06:15:00Z",435,"15"
"Set","2017-02-28T18:35:00Z",1175,"15"
"Rise","2017-03-01T06:15:00Z",435,"15"
"Set","2017-03-01T18:40:00Z",1180,"15"
"Rise","2017-03-02T06:15:00Z",435,"15"
"Set","2017-03-02T18:35:00Z",1175,"15"
"Rise","2017-03-03T06:20:00Z",440,"15"
"Set","2017-03-03T18:35:00Z",1175,"15"
"Rise","2017-03-04T06:15:00Z",435,"15"
"Set","2017-03-04T18:40:00Z",1180,"15"
"Rise","2017-03-05T06:10:00Z",430,"15"
"Set","2017-03-05T18:35:00Z",1175,"15"
"Rise","2017-03-06T06:10:00Z",430,"15"
"Set","2017-03-06T18:35:00Z",1175,"15"
"Rise","2017-03-07T06:10:00Z",430,"15"
"Set","2017-03-07T18:40:00Z",1180,"15"
"Rise","2017-03-08T06:10:00Z",430,"15"
"Set","2017-03-08T18:35:00Z",1175,"15"
"Rise","2017-03-09T06:10:00Z",430,"15"
"Set","2017-03-09T18:35:00Z",1175,"15"
"Rise","2017-03-10T06:15:00Z",435,"15"
"Set","2017-03-10T18:40:00Z",1180,"15"
"Rise","2017-03-11T06:05:00Z",425,"15"
"Set","2017-03-11T18:40:00Z",1180,"15"
"Rise","2017-03-12T06:10:00Z",430,"15"
"Set","2017-03-12T18:35:00Z",1175,"15"
"Rise","2017-03-13T06:15:00Z",435,"15"
"Set","2017-03-13T18:40:00Z",1180,"15"
"Rise","2017-03-14T06:05:00Z",425,"15"
"Set","2017-03-14T18:40:00Z",1180,"15"
"Rise","2017-03-15T06:10:00Z",430,"15"
"Set","2017-03-15T18:35:00Z",1175,"15"
"Rise","2017-03-16T06:00:00Z",420,"15"
"Set","2017-03-16T18:35:00Z",1175,"15"
"Rise","2017-03-17T06:05:00Z",425,"15"
"Set","2017-03-17T18:35:00Z",1175,"15"
"Rise","2017-03-18T06:05:00Z",425,"15"
"Set","2017-03-18T18:45:00Z",1185,"15"
"Rise","2017-03-19T06:00:00Z",420,"15"
"Set","2017-03-19T17:55:00Z",1135,"15"
"Rise","2017-03-20T06:10:00Z",430,"15"
"Set","2017-03-20T18:35:00Z",1175,"15"
"Rise","2017-03-21T06:15:00Z",435,"15"
"Set","2017-03-21T18:35:00Z",1175,"15"
"Rise","2017-03-22T06:10:00Z",430,"15"
"Set","2017-03-22T18:35:00Z",1175,"15"
"Rise","2017-03-23T06:15:00Z",435,"15"
"Set","2017-03-23T18:35:00Z",1175,"15"
